<?xml version="1.0" encoding="UTF-8"?>
<beans xmlns="http://www.springframework.org/schema/beans" 
       xmlns:context="http://www.springframework.org/schema/context"
       xmlns:xsi="http://www.w3.org/2001/XMLSchema-instance" 
       xsi:schemaLocation="http://www.springframework.org/schema/beans 
                           http://www.springframework.org/schema/beans/spring-beans.xsd
                           http://www.springframework.org/schema/context 
                           http://www.springframework.org/schema/context/spring-context.xsd">

 <bean id="driverManagerDataSource" class="org.springframework.jdbc.datasource.DriverManagerDataSource">
 	<property name="driverClassName" value="com.mysql.cj.jdbc.Driver" />
 	<!-- <property name="url"
            value="jdbc:mysql://데이터베이스 주소:포트번호/스키마이름?useSSL=false&amp;serverTimezone=UTC"/> -->
	<property name="url" value="jdbc:mysql://192.168.6.37:3306/familyc?useSSL=false&amp;allowPublicKeyRetrieval=true&amp;serverTimezone=UTC"/>
 	<property name="username" value="bituser" />
 	<property name="password" value="1004" />
 </bean>
 
 <bean class="org.springframework.jdbc.core.JdbcTemplate">
 	<property name="dataSource" ref="driverManagerDataSource"></property>
 </bean>

<bean id="sqlSessionFactoryBean"  class="org.mybatis.spring.SqlSessionFactoryBean">
    <property name="dataSource" ref="driverManagerDataSource"></property>
    <property name="mapperLocations" value="classpath*:kr/or/bit/mapper/*.xml" />
</bean> 

<bean id="sqlSession" class="org.mybatis.spring.SqlSessionTemplate">
  <constructor-arg index="0" ref="sqlSessionFactoryBean"/>
</bean>
<!-- Mybatis 설정  -->

 <!-- 파일 업로드지원 Resolver -->
  <bean id="multipartResolver" class="org.springframework.web.multipart.commons.CommonsMultipartResolver">
		<property name="maxUploadSize" value="10485760"></property> <!-- 10M -->
  </bean>

</beans>










