<?xml version="1.0" encoding="UTF-8"?>
<beans xmlns="http://www.springframework.org/schema/beans"
		   xmlns:context="http://www.springframework.org/schema/context"
		   	xmlns:mvc="http://www.springframework.org/schema/mvc"
		   xmlns:websocket="http://www.springframework.org/schema/websocket"
	       xmlns:xsi="http://www.w3.org/2001/XMLSchema-instance"
	       xsi:schemaLocation="http://www.springframework.org/schema/beans 
				                           http://www.springframework.org/schema/beans/spring-beans.xsd
				                           http://www.springframework.org/schema/context 
				                           http://www.springframework.org/schema/context/spring-context.xsd
				                           http://www.springframework.org/schema/mvc
											http://www.springframework.org/schema/mvc/spring-mvc.xsd
											http://www.springframework.org/schema/websocket
									       http://www.springframework.org/schema/websocket/spring-websocket.xsd">

<context:annotation-config />
<context:component-scan base-package="kr.or.bit.controller"/>


<websocket:handlers>
	<websocket:mapping handler="chatHandler" path="/Chat-ws.do" />
	 <websocket:handshake-interceptors>
       <bean class="kr.or.bit.interceptor.HandShakeInterceptor"/>
	</websocket:handshake-interceptors> 
</websocket:handlers>

<bean id="chatHandler" class="kr.or.bit.handler.ChatWebSocketHandler" />

<mvc:annotation-driven /> 
</beans> 







